record_id,data_entry_date,data_reference_date,source_name,source_type,country,region,sector,subsector,round_stage,metric_category,metric_name,metric_value_min,metric_value_max,metric_value_mid,metric_unit,currency,investment_amount_usd,valuation_pre_money_usd,valuation_post_money_usd,revenue_multiple,growth_rate,round_size_usd,time_between_rounds_months,graduation_rate,deal_count,startup_count,notes,confidence_level,last_updated
BM_S1_0000,2026-05-21,,_AIDA_Ventures_-_Startups_Benchmarks.xlsx,public_report,Global,global,saas,,pre_seed,Revenue_Multiples,revenue_multiple,,,,text,,,,,,,,,,,,,medium,2026-05-21
BM_S1_0001,2026-05-21,,_AIDA_Ventures_-_Startups_Benchmarks.xlsx,public_report,Global,global,saas,,seed,Revenue_Multiples,revenue_multiple,,,,text,,,,,,,,,,,,,medium,2026-05-21
BM_S1_0002,2026-05-21,,_AIDA_Ventures_-_Startups_Benchmarks.xlsx,public_report,Global,global,saas,,series_a,Revenue_Multiples,revenue_multiple,,,,text,,,,,,,,,,,,,medium,2026-05-21
BM_S1_0003,2026-05-21,,_AIDA_Ventures_-_Startups_Benchmarks.xlsx,public_report,Global,global,saas,,series_b,Revenue_Multiples,revenue_multiple,,,,text,,,,,,,,,,,,,medium,2026-05-21
BM_S1_0004,2026-05-21,,_AIDA_Ventures_-_Startups_Benchmarks.xlsx,public_report,Global,global,saas,,series_c_plus,Revenue_Multiples,revenue_multiple,,,,text,,,,,,,,,,,,,medium,2026-05-21
BM_S1_0005,2026-05-21,,_AIDA_Ventures_-_Startups_Benchmarks.xlsx,public_report,Global,global,saas,,public,Revenue_Multiples,revenue_multiple,,,,text,,,,,,,,,,,,,medium,2026-05-21
BM_S1_0006,2026-05-21,,_AIDA_Ventures_-_Startups_Benchmarks.xlsx,public_report,Global,global,saas,,exit,Revenue_Multiples,revenue_multiple,,,,text,,,,,,,,,,,,,medium,2026-05-21
BM_S1_0007,2026-05-21,,_AIDA_Ventures_-_Startups_Benchmarks.xlsx,public_report,Global,global,fintech,,pre_seed,Revenue_Multiples,revenue_multiple,,,,text,,,,,,,,,,,,,medium,2026-05-21
BM_S1_0008,2026-05-21,,_AIDA_Ventures_-_Startups_Benchmarks.xlsx,public_report,Global,global,fintech,,seed,Revenue_Multiples,revenue_multiple,,,,text,,,,,,,,,,,,,medium,2026-05-21
BM_S1_0009,2026-05-21,,_AIDA_Ventures_-_Startups_Benchmarks.xlsx,public_report,Global,global,fintech,,series_a,Revenue_Multiples,revenue_multiple,,,,text,,,,,,,,,,,,,medium,2026-05-21
BM_S1_0010,2026-05-21,,_AIDA_Ventures_-_Startups_Benchmarks.xlsx,public_report,Global,global,fintech,,series_b,Revenue_Multiples,revenue_multiple,,,,text,,,,,,,,,,,,,medium,2026-05-21
BM_S1_0011,2026-05-21,,_AIDA_Ventures_-_Startups_Benchmarks.xlsx,public_report,Global,global,fintech,,series_c_plus,Revenue_Multiples,revenue_multiple,,,,text,,,,,,,,,,,,,medium,2026-05-21
BM_S1_0012,2026-05-21,,_AIDA_Ventures_-_Startups_Benchmarks.xlsx,public_report,Global,global,fintech,,exit,Revenue_Multiples,revenue_multiple,,,,text,,,,,,,,,,,,,medium,2026-05-21
BM_S1_0013,2026-05-21,,_AIDA_Ventures_-_Startups_Benchmarks.xlsx,public_report,Global,global,fintech,,public,Revenue_Multiples,revenue_multiple,,,,text,,,,,,,,,,,,,medium,2026-05-21
BM_S1_0014,2026-05-21,,_AIDA_Ventures_-_Startups_Benchmarks.xlsx,public_report,Global,global,logtech,,pre_seed,Revenue_Multiples,revenue_multiple,,,,text,,,,,,,,,,,,,medium,2026-05-21
BM_S1_0015,2026-05-21,,_AIDA_Ventures_-_Startups_Benchmarks.xlsx,public_report,Global,global,logtech,,seed,Revenue_Multiples,revenue_multiple,,,,text,,,,,,,,,,,,,medium,2026-05-21
BM_S1_0016,2026-05-21,,_AIDA_Ventures_-_Startups_Benchmarks.xlsx,public_report,Global,global,logtech,,series_a,Revenue_Multiples,revenue_multiple,,,,text,,,,,,,,,,,,,medium,2026-05-21
BM_S1_0017,2026-05-21,,_AIDA_Ventures_-_Startups_Benchmarks.xlsx,public_report,Global,global,logtech,,series_b,Revenue_Multiples,revenue_multiple,,,,text,,,,,,,,,,,,,medium,2026-05-21
BM_S1_0018,2026-05-21,,_AIDA_Ventures_-_Startups_Benchmarks.xlsx,public_report,Global,global,logtech,,series_c_plus,Revenue_Multiples,revenue_multiple,,,,text,,,,,,,,,,,,,medium,2026-05-21
BM_S1_0019,2026-05-21,2025-01-01,_AIDA_Ventures_-_Startups_Benchmarks.xlsx,public_report,United States,north_america,saas,,pre_seed,US_Valuations,valuation_pre_money_usd,3.0,8000000.0,4000001.5,usd,USD,,4000001.5,,,,,,,,,,medium,2026-05-21
BM_S1_0020,2026-05-21,2025-01-01,_AIDA_Ventures_-_Startups_Benchmarks.xlsx,public_report,United States,north_america,saas,,seed,US_Valuations,valuation_pre_money_usd,19800000.0,19800000.0,19800000.0,usd,USD,,19800000.0,,,,,,,,,,medium,2026-05-21
BM_S1_0021,2026-05-21,2025-01-01,_AIDA_Ventures_-_Startups_Benchmarks.xlsx,public_report,United States,north_america,saas,,series_a,US_Valuations,valuation_pre_money_usd,60000000.0,60000000.0,60000000.0,usd,USD,,60000000.0,,,,,,,,,,medium,2026-05-21
BM_S1_0022,2026-05-21,2025-01-01,_AIDA_Ventures_-_Startups_Benchmarks.xlsx,public_report,United States,north_america,saas,,series_b,US_Valuations,valuation_pre_money_usd,175000000.0,175000000.0,175000000.0,usd,USD,,175000000.0,,,,,,,,,,medium,2026-05-21
BM_S1_0023,2026-05-21,2025-01-01,_AIDA_Ventures_-_Startups_Benchmarks.xlsx,public_report,United States,north_america,saas,,series_c_plus,US_Valuations,valuation_pre_money_usd,,,,usd,USD,,,,,,,,,,,,medium,2026-05-21
BM_S1_0024,2026-05-21,2025-01-01,_AIDA_Ventures_-_Startups_Benchmarks.xlsx,public_report,United States,north_america,fintech,,pre_seed,US_Valuations,valuation_pre_money_usd,4.0,6000000.0,3000002.0,usd,USD,,3000002.0,,,,,,,,,,medium,2026-05-21
BM_S1_0025,2026-05-21,2025-01-01,_AIDA_Ventures_-_Startups_Benchmarks.xlsx,public_report,United States,north_america,fintech,,seed,US_Valuations,valuation_pre_money_usd,7000000.0,7000000.0,7000000.0,usd,USD,,7000000.0,,,,,,,,,,medium,2026-05-21
BM_S1_0026,2026-05-21,2025-01-01,_AIDA_Ventures_-_Startups_Benchmarks.xlsx,public_report,United States,north_america,fintech,,series_a,US_Valuations,valuation_pre_money_usd,32000000.0,32000000.0,32000000.0,usd,USD,,32000000.0,,,,,,,,,,medium,2026-05-21
BM_S1_0027,2026-05-21,2025-01-01,_AIDA_Ventures_-_Startups_Benchmarks.xlsx,public_report,United States,north_america,fintech,,series_b,US_Valuations,valuation_pre_money_usd,84000000.0,84000000.0,84000000.0,usd,USD,,84000000.0,,,,,,,,,,medium,2026-05-21
BM_S1_0028,2026-05-21,2025-01-01,_AIDA_Ventures_-_Startups_Benchmarks.xlsx,public_report,United States,north_america,fintech,,series_c_plus,US_Valuations,valuation_pre_money_usd,,,,usd,USD,,,,,,,,,,,,medium,2026-05-21
BM_S1_0029,2026-05-21,2025-01-01,_AIDA_Ventures_-_Startups_Benchmarks.xlsx,public_report,United States,north_america,logtech,,pre_seed,US_Valuations,valuation_pre_money_usd,,,,usd,USD,,,,,,,,,,,,medium,2026-05-21
BM_S1_0030,2026-05-21,2025-01-01,_AIDA_Ventures_-_Startups_Benchmarks.xlsx,public_report,United States,north_america,logtech,,seed,US_Valuations,valuation_pre_money_usd,3.0,8000000.0,4000001.5,usd,USD,,4000001.5,,,,,,,,,,medium,2026-05-21
BM_S1_0031,2026-05-21,2025-01-01,_AIDA_Ventures_-_Startups_Benchmarks.xlsx,public_report,United States,north_america,logtech,,series_a,US_Valuations,valuation_pre_money_usd,10.0,20000000.0,10000005.0,usd,USD,,10000005.0,,,,,,,,,,medium,2026-05-21
BM_S1_0032,2026-05-21,2025-01-01,_AIDA_Ventures_-_Startups_Benchmarks.xlsx,public_report,United States,north_america,logtech,,series_b,US_Valuations,valuation_pre_money_usd,40.0,80000000.0,40000020.0,usd,USD,,40000020.0,,,,,,,,,,medium,2026-05-21
BM_S1_0033,2026-05-21,2025-01-01,_AIDA_Ventures_-_Startups_Benchmarks.xlsx,public_report,United States,north_america,logtech,,series_c_plus,US_Valuations,valuation_pre_money_usd,100.0,200000000.0,100000050.0,usd,USD,,100000050.0,,,,,,,,,,medium,2026-05-21
BM_S1_0034,2026-05-21,2024-12-31,_AIDA_Ventures_-_Startups_Benchmarks.xlsx,public_report,LATAM,latam,all_sectors,,pre_seed,LatAm_Valuations,valuation_pre_money_usd,3.0,5000000.0,2500001.5,usd,USD,,2500001.5,,,,,,,,,,medium,2026-05-21
BM_S1_0035,2026-05-21,2024-12-31,_AIDA_Ventures_-_Startups_Benchmarks.xlsx,public_report,LATAM,latam,all_sectors,,seed,LatAm_Valuations,valuation_pre_money_usd,8.0,12000000.0,6000004.0,usd,USD,,6000004.0,,,,,,,,,,medium,2026-05-21
BM_S1_0036,2026-05-21,2024-12-31,_AIDA_Ventures_-_Startups_Benchmarks.xlsx,public_report,LATAM,latam,all_sectors,,series_a,LatAm_Valuations,valuation_pre_money_usd,25.0,36000000.0,18000012.5,usd,USD,,18000012.5,,,,,,,,,,medium,2026-05-21
BM_S1_0037,2026-05-21,2024-12-31,_AIDA_Ventures_-_Startups_Benchmarks.xlsx,public_report,LATAM,latam,all_sectors,,series_b,LatAm_Valuations,valuation_pre_money_usd,70.0,105000000.0,52500035.0,usd,USD,,52500035.0,,,,,,,,,,medium,2026-05-21
BM_S1_0038,2026-05-21,2024-12-31,_AIDA_Ventures_-_Startups_Benchmarks.xlsx,public_report,LATAM,latam,all_sectors,,series_c_plus,LatAm_Valuations,valuation_pre_money_usd,150.0,250000000.0,125000075.0,usd,USD,,125000075.0,,,,,,,,,,medium,2026-05-21
BM_S1_0039,2026-05-21,2024-12-31,_AIDA_Ventures_-_Startups_Benchmarks.xlsx,public_report,LATAM,latam,all_sectors,,undisclosed,LatAm_Valuations,valuation_pre_money_usd,,,,usd,USD,,,,,,,,,,,,medium,2026-05-21
BM_S1_0040,2026-05-21,2024-12-31,_AIDA_Ventures_-_Startups_Benchmarks.xlsx,public_report,United States,north_america,other,,pre_seed,Time_Between_Rounds,time_between_rounds_months,9.0,12.0,10.5,months,,,,,,,,10.5,,,,,medium,2026-05-21
BM_S1_0041,2026-05-21,2024-12-31,_AIDA_Ventures_-_Startups_Benchmarks.xlsx,public_report,LATAM,latam,other,,pre_seed,Time_Between_Rounds,time_between_rounds_months,12.0,18.0,15.0,months,,,,,,,,15.0,,,,,medium,2026-05-21
BM_S1_0042,2026-05-21,2024-12-31,_AIDA_Ventures_-_Startups_Benchmarks.xlsx,public_report,United States,north_america,other,,seed,Time_Between_Rounds,time_between_rounds_months,14.0,14.0,14.0,months,,,,,,,,14.0,,,,,medium,2026-05-21
BM_S1_0043,2026-05-21,2024-12-31,_AIDA_Ventures_-_Startups_Benchmarks.xlsx,public_report,LATAM,latam,other,,seed,Time_Between_Rounds,time_between_rounds_months,25.8,25.8,25.8,months,,,,,,,,25.8,,,,,medium,2026-05-21
BM_S1_0044,2026-05-21,2024-12-31,_AIDA_Ventures_-_Startups_Benchmarks.xlsx,public_report,United States,north_america,other,,series_a,Time_Between_Rounds,time_between_rounds_months,12.0,12.0,12.0,months,,,,,,,,12.0,,,,,medium,2026-05-21
BM_S1_0045,2026-05-21,2024-12-31,_AIDA_Ventures_-_Startups_Benchmarks.xlsx,public_report,LATAM,latam,other,,series_a,Time_Between_Rounds,time_between_rounds_months,24.4,24.4,24.4,months,,,,,,,,24.4,,,,,medium,2026-05-21
BM_S1_0046,2026-05-21,2024-12-31,_AIDA_Ventures_-_Startups_Benchmarks.xlsx,public_report,United States,north_america,other,,series_b,Time_Between_Rounds,time_between_rounds_months,15.0,15.0,15.0,months,,,,,,,,15.0,,,,,medium,2026-05-21
BM_S1_0047,2026-05-21,2024-12-31,_AIDA_Ventures_-_Startups_Benchmarks.xlsx,public_report,LATAM,latam,other,,series_b,Time_Between_Rounds,time_between_rounds_months,26.0,30.0,28.0,months,,,,,,,,28.0,,,,,medium,2026-05-21
BM_S1_0048,2026-05-21,2024-12-31,_AIDA_Ventures_-_Startups_Benchmarks.xlsx,public_report,United States,north_america,other,,series_c_plus,Time_Between_Rounds,time_between_rounds_months,18.0,18.0,18.0,months,,,,,,,,18.0,,,,,medium,2026-05-21
BM_S1_0049,2026-05-21,2024-12-31,_AIDA_Ventures_-_Startups_Benchmarks.xlsx,public_report,LATAM,latam,other,,series_c_plus,Time_Between_Rounds,time_between_rounds_months,30.0,36.0,33.0,months,,,,,,,,33.0,,,,,medium,2026-05-21
BM_S1_0050,2026-05-21,2025-01-01,_Metricas_Startups.xlsx,public_report,United States,north_america,all_sectors,,pre_seed,Income&Growth US,arr_usd,0.0,100000.0,50000.0,usd,USD,,,,,,,,,,,$0 – $100K,medium,2026-05-21
BM_S1_0051,2026-05-21,2025-01-01,_Metricas_Startups.xlsx,public_report,United States,north_america,all_sectors,,seed,Income&Growth US,arr_usd,100000.0,100000.0,100000.0,usd,USD,,,,,,,,,,,$100K – $1M (mediana ~$500K),medium,2026-05-21
BM_S1_0052,2026-05-21,2025-01-01,_Metricas_Startups.xlsx,public_report,United States,north_america,all_sectors,,series_a,Income&Growth US,arr_usd,1500000.0,1500000.0,1500000.0,usd,USD,,,,,,,,,,,$1.5M – $3M+ (nuevo estándar: $3M en 2025),medium,2026-05-21
BM_S1_0053,2026-05-21,2025-01-01,_Metricas_Startups.xlsx,public_report,United States,north_america,all_sectors,,pre_seed,Income&Growth US,mrr_usd,0.0,8000.0,4000.0,usd,USD,,,,,,,,,,,$0 – $8K,medium,2026-05-21
BM_S1_0054,2026-05-21,2025-01-01,_Metricas_Startups.xlsx,public_report,United States,north_america,all_sectors,,seed,Income&Growth US,mrr_usd,8000.0,83000.0,45500.0,usd,USD,,,,,,,,,,,$8K – $83K,medium,2026-05-21
BM_S1_0055,2026-05-21,2025-01-01,_Metricas_Startups.xlsx,public_report,United States,north_america,all_sectors,,series_a,Income&Growth US,mrr_usd,125000.0,125000.0,125000.0,usd,USD,,,,,,,,,,,$125K – $250K+,medium,2026-05-21
BM_S1_0056,2026-05-21,2025-01-01,_Metricas_Startups.xlsx,public_report,United States,north_america,all_sectors,,pre_seed,Income&Growth US,growth_mom,,,,text,,,,,,,,,,,,N/A (fase de aprendizaje),medium,2026-05-21
BM_S1_0057,2026-05-21,2025-01-01,_Metricas_Startups.xlsx,public_report,United States,north_america,all_sectors,,seed,Income&Growth US,growth_mom,,,,text,,,,,,,,,,,,15–20% MoM,medium,2026-05-21
BM_S1_0058,2026-05-21,2025-01-01,_Metricas_Startups.xlsx,public_report,United States,north_america,all_sectors,,series_a,Income&Growth US,growth_mom,,,,text,,,,,,,,,,,,12–15% MoM,medium,2026-05-21
BM_S1_0059,2026-05-21,2025-01-01,_Metricas_Startups.xlsx,public_report,United States,north_america,all_sectors,,pre_seed,Income&Growth US,growth_yoy,,,,text,,,,,,,,,,,,N/A o >144% early,medium,2026-05-21
BM_S1_0060,2026-05-21,2025-01-01,_Metricas_Startups.xlsx,public_report,United States,north_america,all_sectors,,seed,Income&Growth US,growth_yoy,100.0,100.0,100.0,pct,,,,,,,,,,,,">100% YoY (""triple, triple, double"")",medium,2026-05-21
BM_S1_0061,2026-05-21,2025-01-01,_Metricas_Startups.xlsx,public_report,United States,north_america,all_sectors,,series_a,Income&Growth US,growth_yoy,,,,text,,,,,,,,,,,,80–150% YoY (ideal: 3x ARR en 12 meses),medium,2026-05-21
BM_S1_0062,2026-05-21,2025-01-01,_Metricas_Startups.xlsx,public_report,United States,north_america,all_sectors,,seed,Income&Growth US,time_to_1m_arr_months,15.0,15.0,15.0,months,,,,,,,,,,,,~15 meses (SaaS tradicional); ~11.5 meses (AI),medium,2026-05-21
BM_S1_0063,2026-05-21,2025-01-01,_Metricas_Startups.xlsx,public_report,United States,north_america,all_sectors,,series_a,Income&Growth US,time_to_1m_arr_months,,,,text,,,,,,,,,,,,Ya superado,medium,2026-05-21
BM_S1_0064,2026-05-21,2025-01-01,_Metricas_Startups.xlsx,public_report,United States,north_america,all_sectors,,series_a,Income&Growth US,time_to_10m_arr_months,5.0,5.0,5.0,text,,,,,,,,,,,,~5 años (SaaS trad.); ~2 años (AI),medium,2026-05-21
BM_S1_0065,2026-05-21,2025-01-01,_Metricas_Startups.xlsx,public_report,United States,north_america,all_sectors,,pre_seed,Income&Growth US,rule_of_40,,,,text,,,,,,,,,,,,No aplica (stage too early),medium,2026-05-21
BM_S1_0066,2026-05-21,2025-01-01,_Metricas_Startups.xlsx,public_report,United States,north_america,all_sectors,,seed,Income&Growth US,rule_of_40,,,,text,,,,,,,,,,,,No aplica aún,medium,2026-05-21
BM_S1_0067,2026-05-21,2025-01-01,_Metricas_Startups.xlsx,public_report,United States,north_america,all_sectors,,series_a,Income&Growth US,rule_of_40,40.0,40.0,40.0,pct,,,,,,,,,,,,≥40% (solo 11-30% lo alcanzan),medium,2026-05-21
BM_S1_0068,2026-05-21,2025-01-01,_Metricas_Startups.xlsx,public_report,United States,north_america,all_sectors,,pre_seed,Income&Growth US,arr_per_employee,,,,text,,,,,,,,,,,,No aplica,medium,2026-05-21
BM_S1_0069,2026-05-21,2025-01-01,_Metricas_Startups.xlsx,public_report,United States,north_america,all_sectors,,seed,Income&Growth US,arr_per_employee,,,,text,,,,,,,,,,,,No aplica,medium,2026-05-21
BM_S1_0070,2026-05-21,2025-01-01,_Metricas_Startups.xlsx,public_report,United States,north_america,all_sectors,,series_a,Income&Growth US,arr_per_employee,100000.0,173000.0,136500.0,usd,USD,,,,,,,,,,,$100K–$173K,medium,2026-05-21
BM_S1_0071,2026-05-21,2025-01-01,_Metricas_Startups.xlsx,public_report,United States,north_america,all_sectors,,pre_seed,Capital Efficiency US,burn_rate_usd,10000.0,50000.0,30000.0,usd,USD,,,,,,,,,,,$10K – $50K/mes,medium,2026-05-21
BM_S1_0072,2026-05-21,2025-01-01,_Metricas_Startups.xlsx,public_report,United States,north_america,all_sectors,,seed,Capital Efficiency US,burn_rate_usd,50000.0,200000.0,125000.0,usd,USD,,,,,,,,,,,~$50K – $200K/mes,medium,2026-05-21
BM_S1_0073,2026-05-21,2025-01-01,_Metricas_Startups.xlsx,public_report,United States,north_america,all_sectors,,series_a,Capital Efficiency US,burn_rate_usd,200000.0,500000.0,350000.0,usd,USD,,,,,,,,,,,$200K – $500K/mes,medium,2026-05-21
BM_S1_0074,2026-05-21,2025-01-01,_Metricas_Startups.xlsx,public_report,United States,north_america,all_sectors,,pre_seed,Capital Efficiency US,runway_months,12.0,18.0,15.0,months,,,,,,,,,,,,12–18 meses,medium,2026-05-21
BM_S1_0075,2026-05-21,2025-01-01,_Metricas_Startups.xlsx,public_report,United States,north_america,all_sectors,,seed,Capital Efficiency US,runway_months,18.0,24.0,21.0,months,,,,,,,,,,,,18–24 meses,medium,2026-05-21
BM_S1_0076,2026-05-21,2025-01-01,_Metricas_Startups.xlsx,public_report,United States,north_america,all_sectors,,series_a,Capital Efficiency US,runway_months,,,,text,,,,,,,,,,,,24–30 meses (post-ronda),medium,2026-05-21
BM_S1_0077,2026-05-21,2025-01-01,_Metricas_Startups.xlsx,public_report,United States,north_america,all_sectors,,pre_seed,Capital Efficiency US,burn_multiple,,,,text,,,,,,,,,,,,N/A (sin ARR),medium,2026-05-21
BM_S1_0078,2026-05-21,2025-01-01,_Metricas_Startups.xlsx,public_report,United States,north_america,all_sectors,,seed,Capital Efficiency US,burn_multiple,1.9,1.9,1.9,text,,,,,,,,,,,,~1.9x (mediana),medium,2026-05-21
BM_S1_0079,2026-05-21,2025-01-01,_Metricas_Startups.xlsx,public_report,United States,north_america,all_sectors,,series_a,Capital Efficiency US,burn_multiple,1.5,1.5,1.5,text,,,,,,,,,,,,<1.5x (ideal); ~3.4x (early-stage promedio),medium,2026-05-21
BM_S1_0080,2026-05-21,2025-01-01,_Metricas_Startups.xlsx,public_report,United States,north_america,all_sectors,,seed,Capital Efficiency US,capital_efficiency_index,,,,text,,,,,,,,,,,,En construcción,medium,2026-05-21
BM_S1_0081,2026-05-21,2025-01-01,_Metricas_Startups.xlsx,public_report,United States,north_america,all_sectors,,series_a,Capital Efficiency US,capital_efficiency_index,,,,text,,,,,,,,,,,,ARR generado > capital desplegado,medium,2026-05-21
BM_S1_0082,2026-05-21,2025-01-01,_Metricas_Startups.xlsx,public_report,United States,north_america,all_sectors,,pre_seed,Capital Efficiency US,round_amount_usd,250000.0,2000000.0,1125000.0,usd,USD,,,,,,,,,,,$250K – $2M,medium,2026-05-21
BM_S1_0083,2026-05-21,2025-01-01,_Metricas_Startups.xlsx,public_report,United States,north_america,all_sectors,,seed,Capital Efficiency US,round_amount_usd,1500000.0,1500000.0,1500000.0,usd,USD,,,,,,,,,,,$1.5M – $5M (mediana ~$3.1M),medium,2026-05-21
BM_S1_0084,2026-05-21,2025-01-01,_Metricas_Startups.xlsx,public_report,United States,north_america,all_sectors,,series_a,Capital Efficiency US,round_amount_usd,5000000.0,5000000.0,5000000.0,usd,USD,,,,,,,,,,,$5M – $20M (mediana ~$11M),medium,2026-05-21
BM_S1_0085,2026-05-21,2025-01-01,_Metricas_Startups.xlsx,public_report,United States,north_america,all_sectors,,pre_seed,Capital Efficiency US,dilution_pct,10.0,20.0,15.0,pct,,,,,,,,,,,,10–20%,medium,2026-05-21
BM_S1_0086,2026-05-21,2025-01-01,_Metricas_Startups.xlsx,public_report,United States,north_america,all_sectors,,seed,Capital Efficiency US,dilution_pct,,,,text,,,,,,,,,,,,15–25% (típico: 20%),medium,2026-05-21
BM_S1_0087,2026-05-21,2025-01-01,_Metricas_Startups.xlsx,public_report,United States,north_america,all_sectors,,series_a,Capital Efficiency US,dilution_pct,15.0,20.0,17.5,pct,,,,,,,,,,,,15–20%,medium,2026-05-21
BM_S1_0088,2026-05-21,2025-01-01,_Metricas_Startups.xlsx,public_report,United States,north_america,all_sectors,,pre_seed,Capital Efficiency US,time_between_rounds_months,,,,text,,,,,,,,,,,,—,medium,2026-05-21
BM_S1_0089,2026-05-21,2025-01-01,_Metricas_Startups.xlsx,public_report,United States,north_america,all_sectors,,seed,Capital Efficiency US,time_between_rounds_months,774.0,774.0,774.0,days,,,,,,,,,,,,~774 días / 2.1 años en Q4 2024 (vs 420 días en 2021),medium,2026-05-21
BM_S1_0090,2026-05-21,2025-01-01,_Metricas_Startups.xlsx,public_report,United States,north_america,all_sectors,,series_a,Capital Efficiency US,time_between_rounds_months,,,,text,,,,,,,,,,,,—,medium,2026-05-21
BM_S1_0091,2026-05-21,2025-01-01,_Metricas_Startups.xlsx,public_report,United States,north_america,all_sectors,,pre_seed,Retention&Customers,churn_rate_monthly,,,,text,,,,,,,,,,,,N/A o aceptable alto,medium,2026-05-21
BM_S1_0092,2026-05-21,2025-01-01,_Metricas_Startups.xlsx,public_report,United States,north_america,all_sectors,,seed,Retention&Customers,churn_rate_monthly,,,,text,,,,,,,,,,,,5–10% mensual (bajo $1M ARR),medium,2026-05-21
BM_S1_0093,2026-05-21,2025-01-01,_Metricas_Startups.xlsx,public_report,United States,north_america,all_sectors,,series_a,Retention&Customers,churn_rate_monthly,,,,text,,,,,,,,,,,,<2–5% mensual (<3% ideal),medium,2026-05-21
BM_S1_0094,2026-05-21,2025-01-01,_Metricas_Startups.xlsx,public_report,United States,north_america,all_sectors,,seed,Retention&Customers,churn_rate_annual,,,,text,,,,,,,,,,,,~40–70% (etapa temprana),medium,2026-05-21
BM_S1_0095,2026-05-21,2025-01-01,_Metricas_Startups.xlsx,public_report,United States,north_america,all_sectors,,series_a,Retention&Customers,churn_rate_annual,10.0,10.0,10.0,pct,,,,,,,,,,,,<10% anual (mediana industria),medium,2026-05-21
BM_S1_0096,2026-05-21,2025-01-01,_Metricas_Startups.xlsx,public_report,United States,north_america,all_sectors,,pre_seed,Retention&Customers,nrr,,,,text,,,,,,,,,,,,N/A o primitivo,medium,2026-05-21
BM_S1_0097,2026-05-21,2025-01-01,_Metricas_Startups.xlsx,public_report,United States,north_america,all_sectors,,seed,Retention&Customers,nrr,100.0,100.0,100.0,pct,,,,,,,,,,,,>100% como objetivo; mediana: ~100%,medium,2026-05-21
BM_S1_0098,2026-05-21,2025-01-01,_Metricas_Startups.xlsx,public_report,United States,north_america,all_sectors,,series_a,Retention&Customers,nrr,,,,text,,,,,,,,,,,,110–120%+ (best-in-class: 120%+),medium,2026-05-21
BM_S1_0099,2026-05-21,2025-01-01,_Metricas_Startups.xlsx,public_report,United States,north_america,all_sectors,,seed,Retention&Customers,grr,,,,text,,,,,,,,,,,,70–85% aceptable,medium,2026-05-21
BM_S2_0000,2026-05-21,2025-01-01,_Metricas_Startups.xlsx,public_report,United States,north_america,all_sectors,,series_a,Retention&Customers,grr,,,,text,,,,,,,,,,,,85–95% bueno; 95–100% best-in-class,medium,2026-05-21
BM_S2_0001,2026-05-21,2025-01-01,_Metricas_Startups.xlsx,public_report,United States,north_america,all_sectors,,pre_seed,Retention&Customers,customer_retention_rate,,,,text,,,,,,,,,,,,N/A (pocos clientes),medium,2026-05-21
BM_S2_0002,2026-05-21,2025-01-01,_Metricas_Startups.xlsx,public_report,United States,north_america,all_sectors,,seed,Retention&Customers,customer_retention_rate,80.0,80.0,80.0,pct,,,,,,,,,,,,>80% (señal de PMF),medium,2026-05-21
BM_S2_0003,2026-05-21,2025-01-01,_Metricas_Startups.xlsx,public_report,United States,north_america,all_sectors,,series_a,Retention&Customers,customer_retention_rate,90.0,90.0,90.0,pct,,,,,,,,,,,,>90% (requisito para Serie A),medium,2026-05-21
BM_S2_0004,2026-05-21,2025-01-01,_Metricas_Startups.xlsx,public_report,United States,north_america,all_sectors,,pre_seed,Retention&Customers,nps,,,,text,,,,,,,,,,,,N/A o anecdótico,medium,2026-05-21
BM_S2_0005,2026-05-21,2025-01-01,_Metricas_Startups.xlsx,public_report,United States,north_america,all_sectors,,seed,Retention&Customers,nps,30.0,30.0,30.0,text,,,,,,,,,,,,>30 como objetivo,medium,2026-05-21
BM_S2_0006,2026-05-21,2025-01-01,_Metricas_Startups.xlsx,public_report,United States,north_america,all_sectors,,series_a,Retention&Customers,nps,,,,text,,,,,,,,,,,,">40–50 (PMF confirmado si >40% dicen ""very disappointed"" sin el producto)",medium,2026-05-21
BM_S2_0007,2026-05-21,2025-01-01,_Metricas_Startups.xlsx,public_report,United States,north_america,all_sectors,,seed,Retention&Customers,dau_mau_ratio,20.0,20.0,20.0,pct,,,,,,,,,,,,>20% como señal,medium,2026-05-21
BM_S2_0008,2026-05-21,2025-01-01,_Metricas_Startups.xlsx,public_report,United States,north_america,all_sectors,,series_a,Retention&Customers,dau_mau_ratio,25.0,30.0,27.5,pct,,,,,,,,,,,,>25–30%,medium,2026-05-21
BM_S2_0009,2026-05-21,2025-01-01,_Metricas_Startups.xlsx,public_report,United States,north_america,all_sectors,,pre_seed,Unit Economics,cac_usd,,,,text,,,,,,,,,,,,N/A (orgánico),medium,2026-05-21
BM_S2_0010,2026-05-21,2025-01-01,_Metricas_Startups.xlsx,public_report,United States,north_america,all_sectors,,seed,Unit Economics,cac_usd,,,,text,,,,,,,,,,,,En proceso de medir; CAC promedio SaaS: ~$702,medium,2026-05-21
BM_S2_0011,2026-05-21,2025-01-01,_Metricas_Startups.xlsx,public_report,United States,north_america,all_sectors,,series_a,Unit Economics,cac_usd,,,,text,,,,,,,,,,,,Medido y optimizado; varía por segmento,medium,2026-05-21
BM_S2_0012,2026-05-21,2025-01-01,_Metricas_Startups.xlsx,public_report,United States,north_america,all_sectors,,pre_seed,Unit Economics,ltv_usd,,,,text,,,,,,,,,,,,Estimado/teórico,medium,2026-05-21
BM_S2_0013,2026-05-21,2025-01-01,_Metricas_Startups.xlsx,public_report,United States,north_america,all_sectors,,seed,Unit Economics,ltv_usd,,,,text,,,,,,,,,,,,En construcción,medium,2026-05-21
BM_S2_0014,2026-05-21,2025-01-01,_Metricas_Startups.xlsx,public_report,United States,north_america,all_sectors,,series_a,Unit Economics,ltv_usd,,,,text,,,,,,,,,,,,LTV claro y en crecimiento,medium,2026-05-21
BM_S2_0015,2026-05-21,2025-01-01,_Metricas_Startups.xlsx,public_report,United States,north_america,all_sectors,,pre_seed,Unit Economics,ltv_cac_ratio,,,,text,,,,,,,,,,,,N/A (objetivo: >3x),medium,2026-05-21
BM_S2_0016,2026-05-21,2025-01-01,_Metricas_Startups.xlsx,public_report,United States,north_america,all_sectors,,seed,Unit Economics,ltv_cac_ratio,,,,text,,,,,,,,,,,,Inicio de medición,medium,2026-05-21
BM_S2_0017,2026-05-21,2025-01-01,_Metricas_Startups.xlsx,public_report,United States,north_america,all_sectors,,series_a,Unit Economics,ltv_cac_ratio,,,,text,,,,,,,,,,,,3:1 mínimo; 4:1 nuevo estándar; >5:1 best-in-class,medium,2026-05-21
BM_S2_0018,2026-05-21,2025-01-01,_Metricas_Startups.xlsx,public_report,United States,north_america,all_sectors,,seed,Unit Economics,cac_payback_months,,,,text,,,,,,,,,,,,En construcción,medium,2026-05-21
BM_S2_0019,2026-05-21,2025-01-01,_Metricas_Startups.xlsx,public_report,United States,north_america,all_sectors,,series_a,Unit Economics,cac_payback_months,12.0,12.0,12.0,months,,,,,,,,,,,,<12 meses (ideal); mediana industria: ~20 meses en 2024,medium,2026-05-21
BM_S2_0020,2026-05-21,2025-01-01,_Metricas_Startups.xlsx,public_report,United States,north_america,all_sectors,,series_a,Unit Economics,magic_number,1.0,1.0,1.0,text,,,,,,,,,,,,>1.0x (ideal),medium,2026-05-21
BM_S2_0021,2026-05-21,2025-01-01,_Metricas_Startups.xlsx,public_report,United States,north_america,all_sectors,,pre_seed,Unit Economics,gross_margin,,,,text,,,,,,,,,,,,N/A (producto en dev),medium,2026-05-21
BM_S2_0022,2026-05-21,2025-01-01,_Metricas_Startups.xlsx,public_report,United States,north_america,all_sectors,,seed,Unit Economics,gross_margin,,,,text,,,,,,,,,,,,50–70% (early),medium,2026-05-21
BM_S2_0023,2026-05-21,2025-01-01,_Metricas_Startups.xlsx,public_report,United States,north_america,all_sectors,,series_a,Unit Economics,gross_margin,,,,text,,,,,,,,,,,,60–80%+ (SaaS: 70–80%+; AI SaaS: 65–75% por costo compute),medium,2026-05-21
BM_S2_0024,2026-05-21,2025-01-01,_Metricas_Startups.xlsx,public_report,United States,north_america,all_sectors,,pre_seed,Market&Valuation,valuation_pre_money_usd,5270000.0,5270000.0,5270000.0,usd,USD,,,,,,,,,,,"$5.27M (EE. UU., 2025)",medium,2026-05-21
BM_S2_0025,2026-05-21,2025-01-01,_Metricas_Startups.xlsx,public_report,United States,north_america,all_sectors,,seed,Market&Valuation,valuation_pre_money_usd,12000000.0,12000000.0,12000000.0,usd,USD,,,,,,,,,,,"~$12M (2023–2024); ~$15–20M (AI, 2025)",medium,2026-05-21
BM_S2_0026,2026-05-21,2025-01-01,_Metricas_Startups.xlsx,public_report,United States,north_america,all_sectors,,series_a,Market&Valuation,valuation_pre_money_usd,,,,text,,,,,,,,,,,,"~$45M–$49.3M (Carta Q3 2025, mediana primaria)",medium,2026-05-21
BM_S2_0027,2026-05-21,2025-01-01,_Metricas_Startups.xlsx,public_report,United States,north_america,all_sectors,,pre_seed,Market&Valuation,revenue_multiple,,,,text,,,,,,,,,,,,N/A (no hay ARR),medium,2026-05-21
BM_S2_0028,2026-05-21,2025-01-01,_Metricas_Startups.xlsx,public_report,United States,north_america,all_sectors,,seed,Market&Valuation,revenue_multiple,,,,text,,,,,,,,,,,,10–20x ARR (AI); 5–10x ARR (SaaS trad.),medium,2026-05-21
BM_S2_0029,2026-05-21,2025-01-01,_Metricas_Startups.xlsx,public_report,United States,north_america,all_sectors,,series_a,Market&Valuation,revenue_multiple,,,,text,,,,,,,,,,,,3x–10x ARR (según industria y crecimiento),medium,2026-05-21
BM_S2_0030,2026-05-21,2025-01-01,_Metricas_Startups.xlsx,public_report,United States,north_america,all_sectors,,pre_seed,Market&Valuation,tam_usd,1000000000.0,1000000000.0,1000000000.0,usd,USD,,,,,,,,,,,>$1B (visión),medium,2026-05-21
BM_S2_0031,2026-05-21,2025-01-01,_Metricas_Startups.xlsx,public_report,United States,north_america,all_sectors,,seed,Market&Valuation,tam_usd,1000000000.0,1000000000.0,1000000000.0,usd,USD,,,,,,,,,,,>$1B demostrable,medium,2026-05-21
BM_S2_0032,2026-05-21,2025-01-01,_Metricas_Startups.xlsx,public_report,United States,north_america,all_sectors,,series_a,Market&Valuation,tam_usd,1000000000.0,1000000000.0,1000000000.0,usd,USD,,,,,,,,,,,>$1B con SAM definido,medium,2026-05-21
BM_S2_0033,2026-05-21,2025-01-01,_Metricas_Startups.xlsx,public_report,United States,north_america,all_sectors,,pre_seed,Market&Valuation,arr_threshold_series_a,,,,text,,,,,,,,,,,,—,medium,2026-05-21
BM_S2_0034,2026-05-21,2025-01-01,_Metricas_Startups.xlsx,public_report,United States,north_america,all_sectors,,seed,Market&Valuation,arr_threshold_series_a,,,,text,,,,,,,,,,,,—,medium,2026-05-21
BM_S2_0035,2026-05-21,2025-01-01,_Metricas_Startups.xlsx,public_report,United States,north_america,all_sectors,,series_a,Market&Valuation,arr_threshold_series_a,,,,text,,,,,,,,,,,,$1.5M–$3M+ (nuevo estándar 2025: $3M),medium,2026-05-21
BM_S2_0036,2026-05-21,2025-01-01,_Metricas_Startups.xlsx,public_report,United States,north_america,all_sectors,,pre_seed,Market&Valuation,arr_threshold_series_a_strong,,,,text,,,,,,,,,,,,—,medium,2026-05-21
BM_S2_0037,2026-05-21,2025-01-01,_Metricas_Startups.xlsx,public_report,United States,north_america,all_sectors,,seed,Market&Valuation,arr_threshold_series_a_strong,,,,text,,,,,,,,,,,,—,medium,2026-05-21
BM_S2_0038,2026-05-21,2025-01-01,_Metricas_Startups.xlsx,public_report,United States,north_america,all_sectors,,series_a,Market&Valuation,arr_threshold_series_a_strong,,,,text,,,,,,,,,,,,$2M–$3M+,medium,2026-05-21
BM_S2_0039,2026-05-21,2025-01-01,_Metricas_Startups.xlsx,public_report,United States,north_america,all_sectors,,pre_seed,Market&Valuation,valuation_seed_arr_above_250k,,,,text,,,,,,,,,,,,—,medium,2026-05-21
BM_S2_0040,2026-05-21,2025-01-01,_Metricas_Startups.xlsx,public_report,United States,north_america,all_sectors,,seed,Market&Valuation,valuation_seed_arr_above_250k,35.0,35.0,35.0,usd,USD,,,,,,,,,,,35% supera los $20M pre-money,medium,2026-05-21
BM_S2_0041,2026-05-21,2025-01-01,_Metricas_Startups.xlsx,public_report,United States,north_america,all_sectors,,series_a,Market&Valuation,valuation_seed_arr_above_250k,,,,text,,,,,,,,,,,,—,medium,2026-05-21
BM_S2_0042,2026-05-21,2025-01-01,_Metricas_Startups.xlsx,public_report,United States,north_america,all_sectors,,pre_seed,Market&Valuation,valuation_seed_pre_revenue,22.0,22.0,22.0,usd,USD,,,,,,,,,,,22% <$5M; 40% entre $5–10M,medium,2026-05-21
BM_S2_0043,2026-05-21,2025-01-01,_Metricas_Startups.xlsx,public_report,United States,north_america,all_sectors,,seed,Market&Valuation,valuation_seed_pre_revenue,,,,text,,,,,,,,,,,,—,medium,2026-05-21
BM_S2_0044,2026-05-21,2025-01-01,_Metricas_Startups.xlsx,public_report,United States,north_america,all_sectors,,series_a,Market&Valuation,valuation_seed_pre_revenue,,,,text,,,,,,,,,,,,—,medium,2026-05-21
BM_S2_0045,2026-05-21,2025-01-01,_Metricas_Startups.xlsx,public_report,United States,north_america,all_sectors,,pre_seed,Operating Metrics,headcount,,,,text,,,,,,,,,,,,1–5 personas (founders + 1–2),medium,2026-05-21
BM_S2_0046,2026-05-21,2025-01-01,_Metricas_Startups.xlsx,public_report,United States,north_america,all_sectors,,seed,Operating Metrics,headcount,,,,text,,,,,,,,,,,,5–15 personas,medium,2026-05-21
BM_S2_0047,2026-05-21,2025-01-01,_Metricas_Startups.xlsx,public_report,United States,north_america,all_sectors,,series_a,Operating Metrics,headcount,,,,text,,,,,,,,,,,,15–30 personas,medium,2026-05-21
BM_S2_0048,2026-05-21,2025-01-01,_Metricas_Startups.xlsx,public_report,United States,north_america,all_sectors,,pre_seed,Operating Metrics,product_stage,,,,text,,,,,,,,,,,,En desarrollo o MVP beta,medium,2026-05-21
BM_S2_0049,2026-05-21,2025-01-01,_Metricas_Startups.xlsx,public_report,United States,north_america,all_sectors,,seed,Operating Metrics,product_stage,,,,text,,,,,,,,,,,,MVP lanzado + beta testers,medium,2026-05-21
BM_S2_0050,2026-05-21,2025-01-01,_Metricas_Startups.xlsx,public_report,United States,north_america,all_sectors,,series_a,Operating Metrics,product_stage,,,,text,,,,,,,,,,,,Producto con tracción y clientes pagantes,medium,2026-05-21
BM_S2_0051,2026-05-21,2025-01-01,_Metricas_Startups.xlsx,public_report,United States,north_america,all_sectors,,pre_seed,Operating Metrics,conversion_rate_seed_to_series_a,,,,text,,,,,,,,,,,,—,medium,2026-05-21
BM_S2_0052,2026-05-21,2025-01-01,_Metricas_Startups.xlsx,public_report,United States,north_america,all_sectors,,seed,Operating Metrics,conversion_rate_seed_to_series_a,20.0,20.0,20.0,pct,,,,,,,,,,,,~20% de startups Seed llegan a Serie A (2025),medium,2026-05-21
BM_S2_0053,2026-05-21,2025-01-01,_Metricas_Startups.xlsx,public_report,United States,north_america,all_sectors,,series_a,Operating Metrics,conversion_rate_seed_to_series_a,,,,text,,,,,,,,,,,,—,medium,2026-05-21
BM_S2_0054,2026-05-21,2025-01-01,_Metricas_Startups.xlsx,public_report,United States,north_america,all_sectors,,pre_seed,Operating Metrics,active_customers,,,,text,,,,,,,,,,,,1–10 (design partners),medium,2026-05-21
BM_S2_0055,2026-05-21,2025-01-01,_Metricas_Startups.xlsx,public_report,United States,north_america,all_sectors,,seed,Operating Metrics,active_customers,10.0,100.0,55.0,text,,,,,,,,,,,,10–100,medium,2026-05-21
BM_S2_0056,2026-05-21,2025-01-01,_Metricas_Startups.xlsx,public_report,United States,north_america,all_sectors,,series_a,Operating Metrics,active_customers,,,,text,,,,,,,,,,,,50–500+,medium,2026-05-21
BM_S2_0057,2026-05-21,2025-01-01,_Metricas_Startups.xlsx,public_report,United States,north_america,all_sectors,,seed,Operating Metrics,sales_cycle_days,,,,text,,,,,,,,,,,,Semanas–meses,medium,2026-05-21
BM_S2_0058,2026-05-21,2025-01-01,_Metricas_Startups.xlsx,public_report,United States,north_america,all_sectors,,series_a,Operating Metrics,sales_cycle_days,,,,text,,,,,,,,,,,,1–6 meses (SMB); 6–12 meses (enterprise),medium,2026-05-21
BM_S2_0059,2026-05-21,2025-01-01,_Metricas_Startups.xlsx,public_report,United States,north_america,all_sectors,,seed,Operating Metrics,arr_threshold_seed_standard,,,,text,,,,,,,,,,,,$300K–$500K ARR (nuevo estándar; era $200K en 2023),medium,2026-05-21
BM_S2_0060,2026-05-21,2025-01-01,_Metricas_Startups.xlsx,public_report,United States,north_america,all_sectors,,series_a,Operating Metrics,arr_threshold_seed_standard,,,,text,,,,,,,,,,,,—,medium,2026-05-21
BM_S2_0061,2026-05-21,2024-12-31,Fintech_Sectors.xlsx,public_report,Brazil,brazil,fintech,,all_stages,Investment_by_Country_2024,investment_amount_usd,900000000.0,1100000000.0,1000000000.0,usd,USD,1000000000.0,,,,,,,,,,,medium,2026-05-21
BM_S2_0062,2026-05-21,2024-12-31,Fintech_Sectors.xlsx,public_report,Brazil,brazil,fintech,,all_stages,Investment_by_Country_2024,deal_count,110.0,135.0,122.5,count,,,,,,,,,,122.0,,,medium,2026-05-21
BM_S2_0063,2026-05-21,2024-12-31,Fintech_Sectors.xlsx,public_report,Brazil,brazil,fintech,,all_stages,Investment_by_Country_2024,startup_count,850.0,920.0,885.0,count,,,,,,,,,,,885.0,,medium,2026-05-21
BM_S2_0064,2026-05-21,2024-12-31,Fintech_Sectors.xlsx,public_report,Brazil,brazil,fintech,,all_stages,Investment_by_Country_2024,growth_yoy,7.9,7.9,7.9,pct,,,,,,7.9,,,,,,,medium,2026-05-21
BM_S2_0065,2026-05-21,2024-12-31,Fintech_Sectors.xlsx,public_report,Mexico,mexico_ca,fintech,,all_stages,Investment_by_Country_2024,investment_amount_usd,750000000.0,950000000.0,850000000.0,usd,USD,850000000.0,,,,,,,,,,,medium,2026-05-21
BM_S2_0066,2026-05-21,2024-12-31,Fintech_Sectors.xlsx,public_report,Mexico,mexico_ca,fintech,,all_stages,Investment_by_Country_2024,deal_count,85.0,105.0,95.0,count,,,,,,,,,,95.0,,,medium,2026-05-21
BM_S2_0067,2026-05-21,2024-12-31,Fintech_Sectors.xlsx,public_report,Mexico,mexico_ca,fintech,,all_stages,Investment_by_Country_2024,startup_count,730.0,800.0,765.0,count,,,,,,,,,,,765.0,,medium,2026-05-21
BM_S2_0068,2026-05-21,2024-12-31,Fintech_Sectors.xlsx,public_report,Mexico,mexico_ca,fintech,,all_stages,Investment_by_Country_2024,growth_yoy,2.8,2.8,2.8,pct,,,,,,2.8,,,,,,,medium,2026-05-21
BM_S2_0069,2026-05-21,2024-12-31,Fintech_Sectors.xlsx,public_report,Colombia,andean,fintech,,all_stages,Investment_by_Country_2024,investment_amount_usd,280000000.0,380000000.0,330000000.0,usd,USD,330000000.0,,,,,,,,,,,medium,2026-05-21
BM_S2_0070,2026-05-21,2024-12-31,Fintech_Sectors.xlsx,public_report,Colombia,andean,fintech,,all_stages,Investment_by_Country_2024,deal_count,40.0,55.0,47.5,count,,,,,,,,,,47.0,,,medium,2026-05-21
BM_S2_0071,2026-05-21,2024-12-31,Fintech_Sectors.xlsx,public_report,Colombia,andean,fintech,,all_stages,Investment_by_Country_2024,startup_count,480.0,530.0,505.0,count,,,,,,,,,,,505.0,,medium,2026-05-21
BM_S2_0072,2026-05-21,2024-12-31,Fintech_Sectors.xlsx,public_report,Colombia,andean,fintech,,all_stages,Investment_by_Country_2024,growth_yoy,36.3,36.3,36.3,pct,,,,,,36.3,,,,,,,medium,2026-05-21
BM_S2_0073,2026-05-21,2024-12-31,Fintech_Sectors.xlsx,public_report,Argentina,south_cone,fintech,,all_stages,Investment_by_Country_2024,investment_amount_usd,250000000.0,320000000.0,285000000.0,usd,USD,285000000.0,,,,,,,,,,,medium,2026-05-21
BM_S2_0074,2026-05-21,2024-12-31,Fintech_Sectors.xlsx,public_report,Argentina,south_cone,fintech,,all_stages,Investment_by_Country_2024,deal_count,35.0,45.0,40.0,count,,,,,,,,,,40.0,,,medium,2026-05-21
BM_S2_0075,2026-05-21,2024-12-31,Fintech_Sectors.xlsx,public_report,Argentina,south_cone,fintech,,all_stages,Investment_by_Country_2024,startup_count,370.0,410.0,390.0,count,,,,,,,,,,,390.0,,medium,2026-05-21
BM_S2_0076,2026-05-21,2024-12-31,Fintech_Sectors.xlsx,public_report,Argentina,south_cone,fintech,,all_stages,Investment_by_Country_2024,growth_yoy,-5.2,-5.2,-5.2,pct,,,,,,-5.2,,,,,,,medium,2026-05-21
BM_S2_0077,2026-05-21,2024-12-31,Fintech_Sectors.xlsx,public_report,Chile,south_cone,fintech,,all_stages,Investment_by_Country_2024,investment_amount_usd,180000000.0,240000000.0,210000000.0,usd,USD,210000000.0,,,,,,,,,,,medium,2026-05-21
BM_S2_0078,2026-05-21,2024-12-31,Fintech_Sectors.xlsx,public_report,Chile,south_cone,fintech,,all_stages,Investment_by_Country_2024,deal_count,25.0,35.0,30.0,count,,,,,,,,,,30.0,,,medium,2026-05-21
BM_S2_0079,2026-05-21,2024-12-31,Fintech_Sectors.xlsx,public_report,Chile,south_cone,fintech,,all_stages,Investment_by_Country_2024,startup_count,360.0,400.0,380.0,count,,,,,,,,,,,380.0,,medium,2026-05-21
BM_S2_0080,2026-05-21,2024-12-31,Fintech_Sectors.xlsx,public_report,Chile,south_cone,fintech,,all_stages,Investment_by_Country_2024,growth_yoy,12.4,12.4,12.4,pct,,,,,,12.4,,,,,,,medium,2026-05-21
BM_S2_0081,2026-05-21,2024-12-31,Fintech_Sectors.xlsx,public_report,Peru,andean,fintech,,all_stages,Investment_by_Country_2024,investment_amount_usd,85000000.0,120000000.0,102500000.0,usd,USD,102500000.0,,,,,,,,,,,medium,2026-05-21
BM_S2_0082,2026-05-21,2024-12-31,Fintech_Sectors.xlsx,public_report,Peru,andean,fintech,,all_stages,Investment_by_Country_2024,deal_count,12.0,18.0,15.0,count,,,,,,,,,,15.0,,,medium,2026-05-21
BM_S2_0083,2026-05-21,2024-12-31,Fintech_Sectors.xlsx,public_report,Peru,andean,fintech,,all_stages,Investment_by_Country_2024,startup_count,150.0,180.0,165.0,count,,,,,,,,,,,165.0,,medium,2026-05-21
BM_S2_0084,2026-05-21,2024-12-31,Fintech_Sectors.xlsx,public_report,Peru,andean,fintech,,all_stages,Investment_by_Country_2024,growth_yoy,8.7,8.7,8.7,pct,,,,,,8.7,,,,,,,medium,2026-05-21
BM_S2_0085,2026-05-21,2024-12-31,Fintech_Sectors.xlsx,public_report,Uruguay,south_cone,fintech,,all_stages,Investment_by_Country_2024,investment_amount_usd,45000000.0,70000000.0,57500000.0,usd,USD,57500000.0,,,,,,,,,,,medium,2026-05-21
BM_S2_0086,2026-05-21,2024-12-31,Fintech_Sectors.xlsx,public_report,Uruguay,south_cone,fintech,,all_stages,Investment_by_Country_2024,deal_count,6.0,10.0,8.0,count,,,,,,,,,,8.0,,,medium,2026-05-21
BM_S2_0087,2026-05-21,2024-12-31,Fintech_Sectors.xlsx,public_report,Uruguay,south_cone,fintech,,all_stages,Investment_by_Country_2024,startup_count,60.0,80.0,70.0,count,,,,,,,,,,,70.0,,medium,2026-05-21
BM_S2_0088,2026-05-21,2024-12-31,Fintech_Sectors.xlsx,public_report,Uruguay,south_cone,fintech,,all_stages,Investment_by_Country_2024,growth_yoy,15.3,15.3,15.3,pct,,,,,,15.3,,,,,,,medium,2026-05-21
BM_S2_0089,2026-05-21,2024-12-31,Fintech_Sectors.xlsx,public_report,Central America,mexico_ca,fintech,,all_stages,Investment_by_Country_2024,investment_amount_usd,90000000.0,130000000.0,110000000.0,usd,USD,110000000.0,,,,,,,,,,,medium,2026-05-21
BM_S2_0090,2026-05-21,2024-12-31,Fintech_Sectors.xlsx,public_report,Central America,mexico_ca,fintech,,all_stages,Investment_by_Country_2024,deal_count,15.0,22.0,18.5,count,,,,,,,,,,18.0,,,medium,2026-05-21
BM_S2_0091,2026-05-21,2024-12-31,Fintech_Sectors.xlsx,public_report,Central America,mexico_ca,fintech,,all_stages,Investment_by_Country_2024,startup_count,180.0,220.0,200.0,count,,,,,,,,,,,200.0,,medium,2026-05-21
BM_S2_0092,2026-05-21,2024-12-31,Fintech_Sectors.xlsx,public_report,Central America,mexico_ca,fintech,,all_stages,Investment_by_Country_2024,growth_yoy,18.6,18.6,18.6,pct,,,,,,18.6,,,,,,,medium,2026-05-21
BM_S2_0093,2026-05-21,2024-12-31,Fintech_Sectors.xlsx,public_report,Other LATAM,latam,fintech,,all_stages,Investment_by_Country_2024,investment_amount_usd,70000000.0,100000000.0,85000000.0,usd,USD,85000000.0,,,,,,,,,,,medium,2026-05-21
BM_S2_0094,2026-05-21,2024-12-31,Fintech_Sectors.xlsx,public_report,Other LATAM,latam,fintech,,all_stages,Investment_by_Country_2024,deal_count,10.0,15.0,12.5,count,,,,,,,,,,12.0,,,medium,2026-05-21
BM_S2_0095,2026-05-21,2024-12-31,Fintech_Sectors.xlsx,public_report,Other LATAM,latam,fintech,,all_stages,Investment_by_Country_2024,startup_count,120.0,150.0,135.0,count,,,,,,,,,,,135.0,,medium,2026-05-21
BM_S2_0096,2026-05-21,2024-12-31,Fintech_Sectors.xlsx,public_report,Other LATAM,latam,fintech,,all_stages,Investment_by_Country_2024,growth_yoy,,,,pct,,,,,,,,,,,,,medium,2026-05-21
BM_S2_0097,2026-05-21,2024-12-31,Fintech_Sectors.xlsx,public_report,LATAM,latam,fintech,payments_and_digital_wallets,undisclosed,LATAM_Subsectors_2024,investment_amount_usd,800000000.0,1000000000.0,900000000.0,usd,USD,900000000.0,,,,,,,,,,,medium,2026-05-21
BM_S2_0098,2026-05-21,2024-12-31,Fintech_Sectors.xlsx,public_report,LATAM,latam,fintech,payments_and_digital_wallets,undisclosed,LATAM_Subsectors_2024,startup_count,750.0,850.0,800.0,count,,,,,,,,,,,800.0,,medium,2026-05-21
BM_S2_0099,2026-05-21,2024-12-31,Fintech_Sectors.xlsx,public_report,United States,north_america,fintech,payments_and_payment_infrastructure,undisclosed,USA_Subsectors_2024,investment_amount_usd,31000000000.0,31000000000.0,31000000000.0,usd,USD,31000000000.0,,,,,,,,,,,medium,2026-05-21
BM_S3_0000,2026-05-21,2024-12-31,Fintech_Sectors.xlsx,public_report,United States,north_america,fintech,payments_and_payment_infrastructure,undisclosed,USA_Subsectors_2024,startup_count,3200.0,3500.0,3350.0,count,,,,,,,,,,,3350.0,,medium,2026-05-21
